first_name,last_name,phone_number
Kyle,Johnson,+880 8322-054209
Briana,Johnson,+880 3444-774017
Susan,Vargas,+880 9703-288475 ext. 5713
Jennifer,Scott,+880 1841-607600 ext. 1365
Maria,Hudson,+880 3392-869938 ext. 79755
Pamela,Holland,+1 206-608-8025 ext. 913
Lindsay,Hartman,+880 808-2770229 ext. 7915
Pamela,Ruiz,+880 5436-663513
Steven,Edwards,+1 8258429 ext. 882
Robert,Hickman,+1 722-624-1972 ext. 361
Sean,Gomez,+880 3185-496140 ext. 826
Travis,Pittman,+880 822-7284991 ext. 174
Nicholas,Miller,+880 6708-060874
Mallory,Short,+880 7068-676546
Richard,Jensen,+880 5262-859036 ext. 122
Richard,Gordon,+1 984-923-1211 ext. 495
Sean,Bell,+880 4507-635005
Sandra,Mcfarland,+880 441-3444422 ext. 80147
Melissa,Bright,+1 517-330-1603 ext. 75215
Timothy,Hines,+880 5874-415508 ext. 5631
Wanda,Ewing,+1 0636154349 ext. 20578
Joseph,Davis,+1 315-296-3547 ext. 779
Catherine,Figueroa,+880 655-2272783 ext. 6283
Leslie,Stephens,+880 2671666071
David,Cannon,+880 1131-471885
Jennifer,Turner,+880 8353-749755 ext. 99168
Michael,Sanchez,+880 5748-038457 ext. 90717
Destiny,Tanner,+880 6128-345114
Justin,Byrd,+880 797-5044473 ext. 3636
Renee,Thompson,+880 378-4216716
Scott,Powell,+880 7629-154232 ext. 1959
Hector,Bradshaw,+880 8894-777359 ext. 67079
Todd,Hernandez,+880 5662-213697
Jessica,Rivera,+1 572-094-4558 ext. 927
Juan,Romero,+880 2968057865
Aaron,Hudson,+880 6994-409994
Amy,Smith,+1 364-322-5075 ext. 3015
Christy,Hayes,+880 7080-280333 ext. 31214
April,Larson,+880 758-5768846
Jessica,Wells,+1 449-309-8387
Bryan,Daniels,+880 2771416829
Jason,Clark,+880 1296-926110
Hunter,Brown,+1 272-520-7802 ext. 79023
Nicholas,Larsen,+880 755-3418884
Adam,Parker,+880 8751-953249
Brian,Moore,+880 4328-849247 ext. 01808
Thomas,Weaver,+880 473-9811047 ext. 577
Amanda,Weaver,+880 4039-983908 ext. 6438
Nicholas,Wheeler,+880 2786466784
Amber,Caldwell,+880 6882-874234
David,Hernandez,+880 374-7435594 ext. 26610
Deborah,Lowery,+880 1295-293306 ext. 1185
Taylor,Ortega,+1 686-369-7605 ext. 3858
Richard,Hayden,+880 3919-362231 ext. 4920
Douglas,Williamson,+880 1982-132136
Brenda,Thomas,+880 2024662003
Michael,Jackson,+880 1759-615424 ext. 80970
Michelle,Leonard,+880 9646-294132
Jennifer,Calhoun,+880 476-5284913 ext. 83018
Gary,Smith,+880 1474-998293
Julie,Fisher,+880 8366-473782 ext. 17486
Brenda,Buchanan,+880 8533-776772
Connor,Davis,+880 2615726628 ext. 685
Daniel,Williams,+880 2-03314945
Zachary,Joseph,+880 1319-118237 ext. 365
Katherine,Fernandez,+880 1938-429493 ext. 973
Jo,Trujillo,+880 2205-907640
Justin,Ortiz,+1 443-185-3581 ext. 2430
Benjamin,Tapia,+880 8692-612492 ext. 97153
Scott,Graham,+880 3984-378041
Dawn,Kelley,+1 657-719-6509
Sherri,Reyes,+880 6426-489222
Leah,Scott,+880 9925-404861 ext. 1543
Cody,Walters,+880 5542-987110 ext. 392
Peter,Anderson,+880 461-2000300
Sally,Washington,+880 388-4894732 ext. 29704
Lisa,Harris,+880 8345-52579
Becky,Gutierrez,+880 9649-706779
Peter,Brown,+1 500-684-3522 ext. 85704
Tabitha,Mitchell,+880 9444-749089
Andrew,Acosta,+880 5335-828192
Bradley,Montgomery,+880 1668-235562
Steve,Ponce,+1 722-914-5983 ext. 50747
Jennifer,Cooley,+880 2580501748
Peter,Jones,+880 3392-588356 ext. 631
Travis,Brown,+1 459-625-3471
Kathy,Reynolds,+1 954-405-7909 ext. 0616
Carrie,Sparks,+880 4978-554504 ext. 887
Monica,Miller,+1 553-966-5974
Jim,Moore,+1 928-139-1933 ext. 2618
Nicholas,Pratt,+1 266-857-1049
Colleen,Moore,+880 5734-028632 ext. 58399
Pamela,Santos,+880 6279-530279
Vanessa,Cardenas,+880 1208-475747
William,Montoya,+880 4606-490876 ext. 97235
Shaun,Nunez,+880 5302-107758
Cory,Owens,+880 6105-16594 ext. 2730
Laura,Thomas,+880 5199-014492 ext. 41275
Kaitlin,Tran,+880 5545-379698 ext. 7513
Scott,Mckinney,+880 3124-257918 ext. 5360
Jack,Edwards,+880 5383-162358 ext. 31541
Andrew,Lynn,+880 4040-926847 ext. 65148
Brandon,Brown,+1 341-929-6196 ext. 126
Sandra,Nixon,+880 6957-214084 ext. 64268
Gary,Reeves,+880 3540-314344 ext. 434
Sharon,Valentine,+880 3177-726453 ext. 64368
Kenneth,Hoffman,+880 7603-830064
Craig,Davis,+880 4543-741157 ext. 62950
Colleen,Ross,+7 7479471 ext. 39168
Melanie,Cantu,+880 8309-850180 ext. 48281
Natalie,Gallagher,+880 5150-627317 ext. 026
Reginald,Yang,+1 240-482-4028 ext. 1427
Brenda,Glover,+1 351-292-8902 ext. 51947
Melinda,Burgess,+880 9132-472365 ext. 978
Raven,Owens,+1 652-790-3441 ext. 7407
Rebecca,Taylor,+880 2-60559471 ext. 23682
Corey,Hensley,+880 956-2945251 ext. 5279
Kevin,Sanchez,+880 474-4017069 ext. 4685
Melissa,Hodge,+1 723-874-9079 ext. 8373
Courtney,Pitts,+880 5228-42313
Tammy,Flynn,+880 749-3032719
Nicole,Coleman,+1 583-024-9343 ext. 0583
Mary,Mcmillan,+880 789-2160463
Mark,Clark,+880 729-0547283 ext. 331
Gabriel,Price,+880 5606-27747
Valerie,Scott,+1 0369386719
Sally,Russell,+880 826-7434065
Danielle,Garcia,+880 8857-129723
Dwayne,Harris,+1 462-111-5421 ext. 85785
Chelsea,Mcgee,+1 666-663-3011 ext. 258
Marissa,Simon,+880 3242-623991
Thomas,Rocha,+1 1054625431 ext. 0056
Jessica,Boone,+1 951-483-8175 ext. 48590
Erin,Morris,+880 6728-89292
Aaron,Williams,+880 4539-418937
Kelly,Mendoza,+880 1855-177853 ext. 8935
Eric,Shea,+880 2-85506428 ext. 64847
Traci,Bender,+880 755-2373545 ext. 341
William,Riggs,+880 7161-343064 ext. 35943
Ashley,Cannon,+1 216-578-3014 ext. 170
Donna,Hughes,+880 2-07660675
Madeline,May,+1 392-398-4664
Wendy,Rice,+880 5070-749357 ext. 748
Christina,Stewart,+880 4975-119939
Scott,Brooks,+880 5090-409289 ext. 210
Catherine,Jacobs,+880 5007-506744
Kenneth,Snyder,+880 378-231211
Deanna,Underwood,+1 1817429326 ext. 086
Anna,Kelly,+880 7087-144393 ext. 2659
Deborah,Bell,+880 9435-680594 ext. 609
Steven,Freeman,+880 1903-365776 ext. 56129
Cynthia,Cook,+880 5457-386812
Susan,Smith,+880 1367-873207
Raymond,Graham,+880 5306-356496 ext. 4624
Sheila,Peterson,+1 797-763-0363 ext. 07119
Jeffrey,Schneider,+880 1417-240250 ext. 36190
Brittany,Harrison,+880 1445-548348 ext. 18671
Jennifer,Griffith,+1 811-348-9501
Austin,Rivers,+1 0608052814 ext. 91037
Kathleen,Murphy,+880 1637-732930 ext. 4634
Michael,Long,+1 771-180-7282 ext. 25425
Amanda,Melton,+1 323-530-7980 ext. 35061
Angela,Fitzgerald,+880 1513-487536 ext. 24039
Jennifer,Johnson,+880 1859-068708 ext. 9546
Hannah,Powell,+880 1279-394838
Kristen,Richards,+1 0288345120 ext. 0440
Tamara,Green,+880 5058-744698 ext. 87853
Jose,Taylor,+1 716-744-5875 ext. 612
Elizabeth,Peterson,+880 3394-69211
Jennifer,Peters,+880 5377-464636 ext. 71644
Sarah,White,+880 841-3805957 ext. 8865
Jonathan,Valentine,+880 6369-636344 ext. 900
Daniel,Matthews,+880 9209-232866 ext. 42179
Heather,Allen,+880 1589-442463
Isaac,Barber,+880 651-3641047
Paula,Taylor,+880 4239-386539 ext. 8366
Raymond,Byrd,+880 4004-656878
Donna,Wright,+1 383-068-9451 ext. 2188
Brenda,Parker,+880 431-0565308
Mary,Adams,+880 1810-719782 ext. 945
Nathan,Gordon,+1 489-922-1547
Jason,Miller,+880 3164-169695 ext. 094
Paul,Weber,+880 3472-217138 ext. 226
Russell,Humphrey,+880 5734-627174
Darrell,Torres,+880 2422446650
Jonathon,Taylor,+880 3371-255711
Mark,Rivera,+880 1105-469043
Darin,Cain,+880 5144-166138
Shane,Woods,+1 602-556-4567
Gary,Grant,+880 936-654617
Ronald,Herman,+880 2709399099
Tiffany,Estrada,+880 5396-329376 ext. 696
Amy,Cannon,+880 1954-500524
Janice,Curtis,+880 4371-087792 ext. 64247
Amy,Phillips,+880 2845049205
Jesse,Martinez,+880 724-3381111
Jonathan,Sullivan,+1 972-586-4294 ext. 7556
Kevin,Stevens,+880 8524-673264 ext. 626
Lawrence,Bailey,+880 6235-971352
Bianca,Brown,+880 8431-407377 ext. 270
Tiffany,Bernard,+880 3983-174961
Mark,Stone,+880 751-7029274
Nicholas,Burns,+880 4520-963153
Lisa,Kirby,+880 9485-827550 ext. 59419
Jennifer,Vazquez,+880 726-4686608 ext. 74345
Mary,Figueroa,+880 6829-011630
Miranda,Frazier,+880 6945-062508 ext. 740
Kari,Larson,+880 4393-437412
Tasha,Johnson,+880 6473-751857 ext. 927
Kimberly,Hardin,+1 916-538-0438
Hunter,Navarro,+880 9202-909627 ext. 701
Dennis,Henson,+880 9768-079367 ext. 65128
Lance,Miller,+880 5883-767227 ext. 7108
Derek,Faulkner,+880 8868-637066 ext. 906
Stephen,Sanders,+880 658-8077985 ext. 995
Mary,Mosley,+880 5538-94101 ext. 297
Carol,Proctor,+880 2842423724 ext. 2830
Robert,Fisher,+880 8436-455030
Melissa,Clayton,+880 351-692163
Julie,Brown,+1 836-881-1299 ext. 47837
Mark,Johns,+880 481-0228566 ext. 6333
John,Fernandez,+880 861-0509741
Dean,Turner,+880 1393-330024
Tamara,Palmer,+880 6959-985430 ext. 237
Deborah,Rodgers,+880 1603-021367 ext. 6552
Brandon,Cook,+1 0991720762
Jason,Williams,+880 4807-04126 ext. 50529
Maria,Palmer,+880 5676-071208 ext. 89234
Gloria,Brown,+880 748-3170090 ext. 399
Sarah,Parker,+880 8562-862810 ext. 347
Rose,Spencer,+880 1113-54086
Eric,Costa,+880 792-2958483
Joshua,Carter,+1 283-781-2465 ext. 364
Jeffrey,Harper,+880 1929-209712
Adriana,Jackson,+1 660-326-1388 ext. 6329
Eileen,Hancock,+1 565-898-7757 ext. 47218
Rebekah,Clark,+880 4457-734752
Nancy,Griffin,+1 854-657-7679
Kayla,Moreno,+880 796-7873763 ext. 5530
John,House,+880 2345058148 ext. 2997
Amanda,Cohen,+1 589-045-6181 ext. 833
Alexandria,Snow,+1 329-711-8641 ext. 86711
Meagan,Reed,+880 731-7868939 ext. 66443
Michael,Mcknight,+1 988-102-7210 ext. 76736
Rebecca,Curtis,+880 8579-813865 ext. 1565
Alex,Saunders,+880 1947-395410 ext. 05455
Megan,Shepherd,+1 419-421-4374
Sarah,Price,+880 3037-766228
Cindy,Porter,+1 766-326-3631
Olivia,Tapia,+880 756-2252243
Amanda,Rodriguez,+880 2361957183
Sherry,Kirk,+1 900-214-4792
Teresa,Perez,+880 1152-505247
Barbara,Schmidt,+880 7664-534743
Scott,Campbell,+880 801-9048554
Kelly,Roberts,+1 722-211-9725 ext. 83512
Kyle,Sims,+880 5493-787678
Tanya,Vargas,+880 1630-774156
Meredith,Sims,+880 599-5746639 ext. 606
Julia,Wood,+880 3354-097361 ext. 8301
Donald,Kim,+1 427-795-0942 ext. 171
Michael,Patton,+880 2677939230
Brooke,Mckinney,+880 1441-687436 ext. 499
Victoria,Neal,+880 2509757137
Victoria,Knight,+880 753-3830315 ext. 8507
Sara,Dodson,+1 824-950-8870 ext. 55898
Cheryl,Carey,+880 6097-103435
Ashley,Ruiz,+880 5107-977256 ext. 85808
Brett,Landry,+1 1858534619 ext. 46284
Charles,Roberts,+880 2438426690 ext. 7034
Lisa,Gutierrez,+880 726-1843543
Selena,Hawkins,+880 3970-715862 ext. 003
Daniel,Mcdaniel,+880 935-9161129
Ronnie,Hernandez,+880 656-5004416
Kristy,Boyle,+880 364-7891966 ext. 37851
Leah,Snow,+880 8772-167852
Emily,Evans,+1 899-129-8782 ext. 07593
Heidi,Buchanan,+880 2610073750 ext. 9332
Cheryl,Stevenson,+880 3914-955276 ext. 03275
James,Ferguson,+880 817-9884991
John,Jones,+880 2224-27404 ext. 117
Ruben,Carr,+880 2068743526 ext. 1430
Megan,Bush,+880 472-9725417
Alexandra,Brady,+1 874-480-1071 ext. 719
Troy,Martin,+880 8769-383185
Michelle,Davis,+880 9018-618181
Elaine,Smith,+880 8884-612663 ext. 384
Scott,Gordon,+880 8936-992817 ext. 57055
Daniel,Cordova,+880 3393-99586
Paul,Robertson,+880 1257-654792 ext. 62573
Billy,Ramirez,+1 867-068-8106
Roger,Franklin,+1 376-466-8879 ext. 50611
Christian,Weiss,+880 2854310337 ext. 690
Ryan,Ford,+880 5239-725336 ext. 924
Lee,Chang,+386 68508 ext. 4743
Crystal,Adams,+880 5237-24551 ext. 40054
Amanda,Johnson,+880 6827-134646 ext. 82864
Katelyn,Garcia,+880 3226-164963
David,Turner,+880 9026-045235
Dylan,Anderson,+880 7676-211428
Bryan,Clark,+880 666-8727665
Matthew,Carey,+880 4951-99061
Gary,Williams,+1 970-221-1689 ext. 256
Rachel,Thomas,+880 5137-040751
William,Morris,+880 7748-913302
Destiny,Ray,+880 2296-134870 ext. 6520
Robert,Richardson,+880 1088-51649
Christopher,Wilson,+1 480-909-6125
Juan,Fernandez,+1 510-301-9743
Carrie,Walters,+880 753-400083 ext. 78440
April,Stafford,+52 552252 ext. 877
Miranda,Flores,+880 660-781281
Madeline,Wade,+880 9987-917896
Matthew,Frye,+880 663-3866246
Jessica,Boyd,+880 4692-368495 ext. 974
Kelly,Rodriguez,+880 9206-774019
Shawn,Anderson,+880 6255-054178
William,Cummings,+880 6625-134895 ext. 2593
Brandy,Freeman,+880 498-1103588
Savannah,Hayes,+880 6773-810520
Desiree,Mathis,+880 5721-682138
Chad,Randall,+1 593-703-7883 ext. 129
Sherry,Blake,+880 6053-425099 ext. 6689
Tara,Rosales,+880 5442-786082
Cheryl,Villa,+1 778-980-3382 ext. 80087
Claire,Crawford,+880 595-8527026 ext. 42140
James,Reynolds,+880 3144-872886 ext. 099
David,Matthews,+880 8667-233480
Matthew,Garcia,+880 421-8105299
Francisco,Nguyen,+880 6210-14766
Ronald,Mendez,+1 1205737974
Jon,Montoya,+880 4248-694687 ext. 7553
Michael,Turner,+880 1726-94710 ext. 7628
John,Walton,+880 6791-696294
Robert,Kim,+880 1504-830779
Nancy,Miller,+880 1034-06932 ext. 0645
Brandon,Ramirez,+1 438-352-2973 ext. 38678
Jennifer,Gonzalez,+880 1700-476495
Drew,Moody,+1 480-580-2215 ext. 48406
Victoria,Flores,+880 7601-680448
Lauren,Paul,+880 931-2709443 ext. 7872
Dennis,Sexton,+1 618-400-3848 ext. 801
Sandra,Lee,+1 1668756052 ext. 160
Maurice,Collins,+880 3509-039098 ext. 1477
Carla,Ferguson,+880 6349-981415 ext. 36573
April,Oneill,+880 9140-824314 ext. 389
Shawn,Reid,+1 0531122519 ext. 45896
Sean,Woodard,+880 6958-636632
Charles,Perez,+880 8720-567047
Nicole,Foster,+1 1248726789 ext. 37061
Justin,Hernandez,+880 831-5350734
Chad,Miller,+1 264-942-3263 ext. 320
Christopher,Mendoza,+880 9022-611020
Teresa,Holland,+1 883-334-9924 ext. 605
Anthony,Richard,+880 982-8971934 ext. 1964
Michael,Hernandez,+1 292-443-3931 ext. 4778
Bryan,Turner,+880 2307347226
Joseph,Hernandez,+880 9009-154992 ext. 9157
Ronald,Williams,+880 6386-209054
Joy,Powell,+880 812-7935763
Sherry,Everett,+1 531-450-0874 ext. 32547
Kristina,Frey,+880 2-69367539 ext. 22936
Jesse,Price,+880 1229-276493
Douglas,Boone,+880 441-4495146
Taylor,Jimenez,+1 1853329554 ext. 841
Toni,Tucker,+880 5430-214177 ext. 125
Keith,Bailey,+880 1088-579669
Hannah,Kirby,+880 561-6503297
Shannon,Mccoy,+880 789-7260148
Nancy,Howard,+880 3033-144677
Lindsay,Mercado,+1 284-251-4993
Nicole,Thomas,+1 256-129-6965
Gary,Benson,+880 4114-873593 ext. 7517
Chelsea,Sanders,+1 586-452-8595
Eric,Daniel,+880 759-2461688
Eric,Norris,+880 6248-798952
Anthony,Rogers,+1 333-687-3373 ext. 027
Theresa,Bell,+880 1168-562725 ext. 399
Joseph,Reyes,+880 644-3969350
Karen,Schultz,+880 9712-917420
David,Cummings,+880 9079-281386
Jake,Summers,+880 5295-562479 ext. 671
Tim,Willis,+1 771-912-2189
Caleb,Wilson,+1 1657601034 ext. 1874
John,Smith,+880 5273-642910 ext. 3997
Robert,Lowe,+1 433-578-8250
Maria,Stewart,+880 441-0214507 ext. 5471
Todd,Chavez,+880 3963-011134 ext. 570
Vanessa,Jackson,+880 8811-434447
David,Garcia,+880 4523-510924 ext. 9680
Whitney,Lee,+880 4905-314397
Crystal,Tucker,+880 2506702417 ext. 49391
Danny,Rice,+880 4570-454460
Hunter,Simpson,+880 9232-605879 ext. 414
Timothy,Butler,+880 3523-435303
Kimberly,Cruz,+1 853-042-1876 ext. 1916
Christine,Fernandez,+880 2326932881 ext. 091
Monica,Bell,+880 003630593
Rebecca,Grimes,+880 953-5905904 ext. 9152
Lisa,Sawyer,+880 2611565770 ext. 7967
Maria,Reed,+880 5856-025017
Nicholas,Clements,+1 297-652-9209 ext. 6138
Rebecca,Taylor,+880 5747-54102
Anne,Roberts,+880 937-897497 ext. 028
Raymond,Dunlap,+880 781-3250142
Erica,Edwards,+1 0889221272 ext. 2347
Ethan,Savage,+880 7197-255457 ext. 5098
Elizabeth,Morris,+1 291-546-1136 ext. 4663
Valerie,Fitzpatrick,+880 4223-256427
Claudia,Nelson,+1 554-048-4175
Nathaniel,Smith,+880 4064-584132 ext. 63288
Jacob,Mclaughlin,+880 5478-503366
Shannon,Williams,+880 5285-111824
Meghan,Stewart,+880 3275-610812 ext. 0403
James,Wilson,+880 2308848904
Aaron,Bradford,+880 3486-018207
Bonnie,Perez,+880 3019-332330
Laura,Cook,+1 1913687531 ext. 66050
Brandon,Flores,+880 8624-397324 ext. 558
Judy,Hernandez,+880 6714-595319
Denise,Wells,+58 085169
Kevin,Taylor,+1 958-895-6251 ext. 58855
Zachary,Cook,+1 942-030-2063 ext. 610
Christopher,Boyer,+880 9708-035879
Kimberly,Farley,+880 5018-497228
John,Gilmore,+880 4068-794811 ext. 9347
Natalie,Whitehead,+880 478-405538
Sharon,Parker,+880 4947-791751 ext. 02490
Alyssa,Anderson,+880 1652-987656
Monica,Pena,+880 1378-675472 ext. 23339
Michael,Parker,+880 736-0380573
Charles,Garcia,+1 656-799-7198 ext. 3322
Brianna,Barrett,+880 2105101656 ext. 7746
Edward,Stephens,+880 798-9504081
Mark,Robinson,+880 8923-779063 ext. 232
Laurie,Skinner,+880 3530-917291 ext. 88857
Darrell,Stokes,+880 3059-509327
Jamie,Ellis,+880 9697-431126
Whitney,Gordon,+1 1123381582 ext. 771
Erica,Flores,+1 646-211-7445 ext. 594
Hannah,Carter,+880 4074-705967
Samuel,Watson,+880 2773744306
Sarah,Evans,+880 2003980760
Cheryl,Moore,+880 7135-06391 ext. 22085
Lonnie,Conley,+880 4004-637857 ext. 221
Megan,Thomas,+880 985-9895142 ext. 56580
Anna,Schwartz,+880 745-6260366 ext. 9454
Charles,Bush,+880 4192-437563 ext. 876
Valerie,Wheeler,+1 801-337-4030
Mitchell,Gibson,+880 2520692491
Tiffany,Padilla,+880 1608-51044 ext. 282
April,Smith,+880 2180542693 ext. 473
Kristen,Gomez,+1 755-185-3664 ext. 83462
Matthew,Chan,+1 1707585375 ext. 4470
Karen,Nash,+880 957-3269541 ext. 174
Catherine,Chung,+880 732-114421 ext. 08169
Kayla,Arroyo,+1 564-436-3633 ext. 238
John,Hall,+880 8033-584664 ext. 4134
Monica,Perkins,+880 7076-421724 ext. 65656
Samantha,Short,+1 936-507-2125 ext. 499
Christina,Rodriguez,+880 8345-312589
Taylor,Salazar,+880 3164-142433 ext. 6995
Haley,Phillips,+880 470-5515719
Scott,Hunt,+880 805-2773154 ext. 2025
Sharon,Page,+880 5778-739796 ext. 0518
Kayla,Newman,+880 3195-033006 ext. 561
Elijah,Roberts,+1 502-069-4186
Jeffrey,Howard,+1 581-333-3550 ext. 474
Jennifer,Powers,+1 788-721-5685 ext. 92252
Mackenzie,Glenn,+880 7174-506557 ext. 6479
David,Wise,+880 3579-475300 ext. 71664
Maria,Leonard,+880 4606-27421 ext. 13783
Daniel,Steele,+1 952-883-9083
Carrie,Cunningham,+880 8990-331712 ext. 708
Adam,Smith,+880 7128-890720 ext. 87989
Samantha,Tucker,+1 730-644-6808 ext. 31554
Sharon,Harper,+1 867-682-9662 ext. 3030
Melissa,Roman,+1 842-162-8321 ext. 98318
Linda,Smith,+880 1738-168155
Jennifer,Ford,+880 7163-400004 ext. 033
Kara,Maldonado,+880 5752-654686 ext. 4214
Richard,Phillips,+880 8770-108111
Courtney,Brown,+880 1101-135850 ext. 4790
Alicia,Kennedy,+880 4180-894536 ext. 28133
Hayley,Brown,+880 6773-679534 ext. 66583
Troy,Deleon,+1 672-903-9034
Kathleen,Berg,+880 4181-518907 ext. 12189
Taylor,Lopez,+880 9108-232117
Alan,Barnett,+880 384-6030714 ext. 8254
Sarah,Glover,+880 1666-482094 ext. 6126
Kayla,Smith,+880 374-2722701 ext. 524
Shannon,Jimenez,+880 751-0843219
Angela,Hartman,+1 480-654-4098 ext. 41858
Lisa,Hernandez,+1 900-444-0232 ext. 1102
Stacey,Brown,+1 971-634-1960
Jose,Greene,+1 648-463-3244 ext. 650
Ashley,Williams,+880 1483-082371 ext. 27387
Mary,Monroe,+1 757-871-3217 ext. 336
Amanda,Robinson,+880 9018-790773 ext. 87860
James,Mitchell,+880 9093-145412
Javier,Harrison,+880 1986-171984 ext. 030
Robert,Santiago,+880 3998-950670
Connor,Johnson,+880 3099-041756
Brenda,Francis,+880 742-9173414
Allison,Davidson,+880 4191-521665 ext. 5825
Gary,Porter,+880 9786-257997
Pamela,Morgan,+880 810-7081705 ext. 793
Jennifer,Anderson,+880 2918254942
Miguel,Reed,+880 4803-848281
Angela,Carter,+880 1913-644850 ext. 1318
Meagan,Wilson,+880 824-6364867
Kelly,Turner,+880 732-1160127
Tonya,Rodriguez,+1 1655730768 ext. 26716
William,Adkins,+880 631-6722984
Juan,Kidd,+880 2884067844
Lucas,Tran,+880 8625-836959
Amy,Snyder,+880 3576-552416 ext. 61399
Colleen,Rivera,+880 6059-73672
Theresa,Blair,+880 723-8705120 ext. 098
Carol,Jackson,+880 4185-12978 ext. 37128
Amanda,Lyons,+880 1231-658027 ext. 7389
Carol,Decker,+880 5691-071735
Alexis,Ortiz,+880 7063-801891
Dan,Gilmore,+1 596-588-5359
Zachary,Flores,+880 581-2248477
Ruben,Hodges,+880 817-568727 ext. 2002
Courtney,Butler,+880 805-9486870 ext. 086
Sarah,Griffin,+880 481-3734198 ext. 98069
Diana,Cunningham,+1 829-362-2007 ext. 24562
Megan,Dawson,+1 626-891-7349
Andrea,Price,+880 9451-855311 ext. 360
Carrie,Hernandez,+1 0007062455
Ashley,Jackson,+880 3901-974401 ext. 254
David,Clark,+880 1042-144000 ext. 9620
Kylie,Huynh,+880 431-2079113 ext. 737
Kathryn,Huffman,+880 6808-247631 ext. 258
Joshua,Harmon,+1 0241180831
Albert,Snyder,+1 768-538-2506
Joshua,French,+1 894-402-3231 ext. 853
Scott,Harris,+880 7766-907653
Jason,Watson,+880 650-6640982 ext. 81095
Sara,Gomez,+880 2185402651 ext. 85196
April,Howard,+1 702-164-7061
Jacob,Gray,+880 729-740363 ext. 72716
Rachel,Lewis,+1 912-641-9357 ext. 564
Ricardo,Knight,+1 690-926-6426 ext. 817
Thomas,Kim,+1 369-646-0055
Sarah,Gilbert,+880 2250-429033 ext. 1957
Jeffrey,Chavez,+1 397-607-6144 ext. 2692
Michael,Stevens,+880 9403-880756 ext. 179
Lori,Jones,+880 470-0688626 ext. 4110
Sandra,Turner,+880 7143-664350
Gregory,Chan,+880 7766-68609 ext. 06452
Arthur,Marquez,+1 663-344-6642 ext. 715
Aaron,Harris,+880 9013-067550
Elizabeth,Waller,+880 2041687230 ext. 5931
Susan,Olson,+1 831-627-5858 ext. 78997
Lisa,Lang,+880 3505-409554
Brandon,Carr,+1 432-730-5162 ext. 115
Jessica,Kramer,+880 1508-723371 ext. 986
Christopher,Walton,+1 289-097-7371 ext. 17928
Maxwell,Gibbs,+1 1601778234 ext. 23373
Emma,Edwards,+880 3000-078009
Randy,Fletcher,+1 0019991257
April,Woods,+880 1701-012944
Stacie,Smith,+880 375-781732 ext. 614
William,Jones,+1 926-732-0666 ext. 4456
Rachel,Aguilar,+880 5127-275474
Keith,Rojas,+1 972-709-4008
Timothy,Love,+880 3374-633756
Michael,Carter,+1 200-149-3318
Jason,Hayes,+880 4242-338330 ext. 99042
Denise,Underwood,+880 2261-250625
Jennifer,Edwards,+1 636-724-9859 ext. 881
Gregory,Jackson,+880 8625-077957
Christopher,Oconnell,+880 1525-126907 ext. 490
James,Ramos,+880 1031-149327 ext. 03646
Laura,Simmons,+880 1947-935216 ext. 809
David,Franklin,+880 6127-999587
Mckenzie,Andrade,+1 665-669-9254 ext. 087
Christina,Gallegos,+1 652-858-6882 ext. 617
Aaron,Branch,+880 825-925084 ext. 0683
Amanda,Malone,+880 9459-994228
William,Williams,+1 506-017-4676 ext. 27701
Sarah,Johnson,+880 6041-887522
Thomas,Fitzgerald,+1 980-634-8741
Matthew,Lopez,+880 985-0604184
Kevin,Gomez,+880 6030-520428
Michael,Watson,+880 4937-902790
Larry,Boyer,+1 299-925-1537 ext. 82963
Brian,Best,+880 7790-498390 ext. 618
Jeffrey,Rowe,+880 782-5524734
Anthony,Wells,+880 9983-756174
Rebecca,Roy,+1 772-304-3846
Michele,Collier,+1 888-293-0950 ext. 835
Stacie,Mcclure,+880 5084-026216 ext. 732
Kathleen,Lopez,+1 537-098-8562 ext. 6657
Catherine,Franco,+1 502-210-4920 ext. 14933
Tracey,Miller,+880 6129-907552
Christian,Elliott,+880 8914-162655 ext. 08112
Jasmine,Daniels,+880 8662-82256
Wyatt,Mcdowell,+880 1421-595635
Matthew,Hamilton,+880 449-0719447
Anne,Howard,+1 934-612-1501
Cynthia,Parks,+880 8675-576714
James,Johnson,+880 3100-679987
Christopher,Shea,+880 6950-969369 ext. 3084
Alexander,Gates,+880 827-0086263 ext. 38182
William,Anderson,+1 260-100-5648 ext. 5258
Robert,Warren,+880 5460-658483 ext. 246
Duane,Humphrey,+1 765-626-8217 ext. 1760
Sarah,Benson,+1 1458829593 ext. 6129
Dylan,Hoffman,+1 219-133-6669 ext. 60253
Manuel,Ross,+1 934-238-5536 ext. 399
Kelli,Clark,+880 5800-945751
Ryan,Wilson,+1 413-238-2551 ext. 99473
Elizabeth,Fox,+880 6008-749157
Rodney,Fisher,+880 6050-366779
Colleen,Cunningham,+880 6003-132244
Steve,Melendez,+880 470-953767
Mark,Sanders,+1 760-320-1518
Vernon,Myers,+880 5733-979843 ext. 411
Sharon,Sullivan,+880 3439-379503
Stacy,King,+880 9443-204510
Laura,Fisher,+1 0199168863
Kristie,Hudson,+880 2554596447
Jamie,Nelson,+1 663-095-3654 ext. 597
Sharon,Jones,+880 8635-010803
Carmen,Fernandez,+880 9655-771272
James,Edwards,+1 940-366-8857 ext. 566
Bill,Wilson,+880 3139-325741 ext. 822
Alexandra,Smith,+1 625-423-4866 ext. 18395
Tara,Abbott,+880 3355-673928 ext. 0691
Charles,Green,+880 9661-849750 ext. 825
Robert,Shepard,+1 755-065-1646 ext. 2600
Tiffany,Duffy,+880 9083-535843
Micheal,Smith,+1 734-417-4744
Natasha,Zimmerman,+1 243-366-5616
Heather,Green,+880 2618862990 ext. 177
John,Harrison,+880 351-2670426
Alice,Chen,+880 8749-83322 ext. 0023
Elizabeth,Santos,+880 4622-371893
Amy,Hamilton,+1 932-868-5382 ext. 91105
Tyrone,Griffin,+880 7044-895544
Rick,Valenzuela,+1 901-184-9599 ext. 198
Christine,Silva,+880 4073-165928 ext. 87750
Ryan,Mann,+1 437-708-5505 ext. 6354
Monica,Herrera,+880 4087-328175 ext. 72833
Colton,Andrews,+880 952-8518119
Michelle,Chambers,+880 2141597709
Mary,Mays,+1 677-589-2412 ext. 2813
Robert,Tyler,+880 5469-360857 ext. 997
Kathy,Roy,+880 8908-100446
Amy,Bridges,+880 8371-807328 ext. 0654
Katrina,Pacheco,+880 1368-399917 ext. 735
John,Lee,+880 8356-373423
Tony,Robinson,+1 505-130-3214 ext. 30958
Jennifer,Summers,+880 9669-69975
Paula,Calhoun,+880 2351615175 ext. 864
Alexander,Moreno,+880 4106-642288 ext. 6727
Jade,Hebert,+1 320-574-7096 ext. 81309
Amber,Garrison,+880 3012-249533 ext. 67909
Deanna,Fields,+880 1102-133752
Cassandra,Cabrera,+1 357-003-3491
Shelly,Taylor,+1 0834659539 ext. 87563
James,Hernandez,+880 562-4638981 ext. 8046
Richard,Miles,+880 8939-172814 ext. 00355
Daniel,Murphy,+880 6887-703358 ext. 683
Brenda,Carlson,+880 597-6235052
Stephanie,Maldonado,+880 2811342736
Hannah,Ray,+880 385-8026682 ext. 6326
Jennifer,Gaines,+880 6380-118334 ext. 838
Raymond,Pruitt,+880 5450-16625 ext. 477
Jerry,Miller,+1 966-920-8070
Julie,Mathis,+880 1654-315616 ext. 057
Michael,Johnson,+1 536-931-3096 ext. 446
Courtney,Snyder,+880 4227-352094
Amanda,Gibson,+1 209-462-4221 ext. 568
Andrea,Williams,+880 1044-390987
Lindsay,Collins,+1 233-262-1557 ext. 26505
Mark,Bailey,+1 458-286-6201
Jack,Gonzalez,+880 9207-975648 ext. 896
Derek,Gross,+1 395-406-6713 ext. 8743
Susan,Rivers,+880 1095-895470
Sarah,Russell,+880 1087-568212
Lori,Coleman,+880 5804-187234 ext. 0780
Lisa,Nguyen,+880 9109-59006 ext. 7967
Garrett,Wolf,+880 5740-965941
Jessica,Wheeler,+880 5123-389635 ext. 110
Robert,Chandler,+880 8526-919853 ext. 05215
Shawn,Swanson,+1 449-154-7982 ext. 91423
Shane,Joseph,+880 2-36523825 ext. 5717
Howard,Jones,+880 6471-291286 ext. 94829
Shawn,Patel,+1 1361919050
Julie,Roman,+1 436-103-6110 ext. 3747
Sandra,Swanson,+880 3281-860062
Kimberly,Hull,+880 6781-995152 ext. 56795
Alice,Chen,+880 1704-83502 ext. 219
Ashley,Martinez,+1 581-611-4452 ext. 3040
Kelly,Montgomery,+880 6703-232991
Christopher,Collins,+880 384-0909070
Richard,Kramer,+1 269-950-8114 ext. 89911
Jessica,Morris,+880 801-2893590 ext. 961
David,Robbins,+1 666-791-2399
Melissa,Salazar,+880 2417477714
Danielle,Smith,+880 2138021660 ext. 247
Tami,Murillo,+880 1609-028210
Kenneth,Miller,+880 950-855950
Eddie,Jackson,+356 71537 ext. 553
Anna,Osborne,+880 5344-161752
Sarah,Jones,+880 6651-95049
John,Taylor,+1 747-424-3261
Leslie,Bean,+880 7070-722243
Margaret,Barker,+880 8607-110974 ext. 87739
Anna,Roth,+1 304-246-4922
Robert,Yang,+880 551-3245924 ext. 95116
Jonathan,Gomez,+880 931-9562804 ext. 54242
Cole,Harrington,+880 6982-575113
Tanner,Smith,+880 8474-679980 ext. 8421
Susan,Joseph,+880 6093-643474
Jessica,Ingram,+880 9764-447837 ext. 387
Edward,Simpson,+880 729-9013062 ext. 606
Kathryn,Davis,+1 0147736264 ext. 090
Justin,Estrada,+880 4336-995703
Scott,Pena,+880 7047-004351
Amanda,Payne,+1 0747819490 ext. 8014
Pamela,Beck,+880 9091-378280 ext. 079
Diana,Atkinson,+880 3148-516641
Dale,Stark,+880 6458-435893 ext. 445
Tiffany,Shelton,+1 905-195-4686
Angela,Tyler,+880 2277-491384 ext. 42570
Michael,Richardson,+1 1646502370 ext. 1006
Ronald,Cardenas,+880 9710-242683
Caleb,Cabrera,+880 7070-891487 ext. 60287
Brittany,Rogers,+880 3471-661743
Emma,Li,+1 628-694-8887
Jason,Lewis,+880 541-6301044 ext. 7789
Antonio,Castro,+880 371-8990838
Brittany,Alvarez,+1 960-097-7087 ext. 333
Kelly,Williams,+880 375-1557531
James,Johnson,+880 5299-58067
Angela,Jones,+880 475-8725120
Sarah,Wells,+93 134324 ext. 61915
John,Richards,+880 2113190238
Elaine,Velazquez,+1 821-932-3383
Patricia,Montgomery,+1 340-566-8678
Patrick,Wells,+880 1879-723359 ext. 00440
Angel,Hooper,+1 437-585-4256 ext. 1060
Crystal,Nelson,+880 9037-369450 ext. 190
Brittany,Meyer,+880 793-1385250
Brian,Morrow,+880 725-3680231 ext. 9746
Marcia,Collier,+880 385-0687449 ext. 567
James,Huang,+880 4940-389479 ext. 644
Joshua,Phillips,+1 817-412-4647 ext. 4705
Judy,Cabrera,+880 3035-675676 ext. 78952
Monica,Patterson,+880 581-1257490 ext. 70212
Ryan,Spence,+880 5157-411153
Thomas,Wood,+880 4033-256090 ext. 895
Jill,Ho,+1 415-179-4451
Heather,Benson,+880 364-4360065 ext. 6900
David,Davis,+880 4549-906492 ext. 78459
Karen,Taylor,+880 4293-095138 ext. 0012
Katelyn,Bean,+880 2966321714
Nathan,Eaton,+880 2152136341
Eileen,Cooper,+1 291-227-4475
Gloria,Mcdonald,+1 752-387-5188 ext. 647
Elizabeth,Riggs,+1 560-373-8685 ext. 352
Linda,Goodman,+880 4342-093709
Robert,Miller,+880 2551500608
Wanda,Hughes,+880 1074-758762
Curtis,Zamora,+880 8642-496976
Rachel,Martinez,+880 6225-663019 ext. 549
Lisa,White,+1 701-575-4002
Carrie,Munoz,+880 3378-772165
Richard,Miles,+880 4231-375822 ext. 50098
Troy,Olson,+880 6395-706089
Alexander,Diaz,+880 4359-971845
Scott,Reese,+880 6850-352366 ext. 3226
Joshua,Watson,+880 831-3625733
Jaime,Beard,+880 1480-461370
Carlos,Miller,+880 3485-313858
Angela,Nelson,+1 388-446-6195
Shannon,Walton,+880 3363-35651
Susan,Nguyen,+880 8475-78203 ext. 179
Mark,Reyes,+880 376-5525798
Cristian,Rodriguez,+880 2927420440
Jason,Adams,+1 0771832935 ext. 541
Chelsea,Harrell,+880 9048-644895 ext. 18146
Jennifer,Richard,+880 2414415608
Tanner,Palmer,+880 9639-927390 ext. 72225
Eric,Davis,+880 2841069182 ext. 8821
Sheila,Mills,+1 412-440-1729 ext. 05823
William,Petersen,+880 653-3221484
David,Farrell,+880 3920-361288
James,Johnson,+880 381-4269546 ext. 6035
Robert,Smith,+91 897845
David,Davis,+880 379-1282584
Dawn,Lyons,+1 760-496-4103
Jessica,Webb,+1 755-192-9216
Denise,Perez,+880 819-7677845 ext. 673
Katherine,Horton,+1 1715703400
Jennifer,Ortiz,+880 3153-517452 ext. 4556
Susan,Palmer,+1 776-251-7930 ext. 729
Anthony,Campbell,+880 3295-905275 ext. 05618
Anthony,Stewart,+1 338-159-0479 ext. 55119
Timothy,Singleton,+1 866-788-0657 ext. 477
Amanda,King,+880 1075-816423 ext. 885
Tammy,Wu,+1 528-586-7146 ext. 300
Elizabeth,Chaney,+880 2629129837
Krista,Rojas,+880 2346088108
Cassandra,Ortiz,+880 362-2579271 ext. 28547
Michael,Wilcox,+880 792-6997542
Lisa,Garner,+880 4924-088606
Aaron,Allen,+880 653-1326927
Laura,Shaw,+1 624-125-8788
Brenda,Warren,+1 606-118-5102 ext. 36625
Katrina,Thornton,+880 5322-262851
Juan,Kelly,+880 9669-733914 ext. 255
Richard,Miller,+880 8582-74228
Edwin,Martin,+880 666-4682814
Joseph,Garcia,+880 4148-532120
Maria,Chung,+880 9196-755952 ext. 1590
Paul,Nash,+880 8799-063031 ext. 1241
Jeff,Nichols,+880 952-5688882
Lisa,White,+880 331-3949948
Deborah,Stark,+880 6652-676698
Jennifer,Hunter,+880 1185-150433 ext. 830
Kathy,Miller,+880 2278-35933 ext. 69859
Caitlin,Harding,+1 503-952-7569
Whitney,Allen,+1 974-703-0517
Melinda,Rosario,+880 9431-391059 ext. 063
Kevin,West,+1 0671876797
Jesus,Brown,+1 404-355-8249 ext. 31544
Kimberly,Sullivan,+880 8397-641868 ext. 1936
Lisa,Cervantes,+880 6216-469606 ext. 17243
David,Foster,+880 1554-087143
Austin,Mcdonald,+880 6192-952433
Mary,Bennett,+880 4025-459903 ext. 71476
Andres,Wood,+880 8342-942628
Donna,Preston,+880 6804-737515 ext. 14830
Lisa,Gilbert,+1 893-040-0033
Robert,Smith,+880 5749-244819
Adam,Johnson,+1 739-008-7148 ext. 20117
Nichole,Bauer,+880 6074-252820 ext. 3231
George,Spears,+880 641-5010445
Gina,Thomas,+880 831-9543441
Christopher,Perez,+880 4871-483355 ext. 266
Sharon,Duncan,+880 3477-082781
Rebecca,Cohen,+880 561-7457453 ext. 28529
Bruce,Stone,+880 2027030568 ext. 4624
Ryan,Singleton,+1 856-967-6027
Jessica,Thomas,+1 383-377-9175 ext. 4906
Matthew,Andrews,+1 290-147-2208 ext. 129
Natasha,Carroll,+1 570-187-6063 ext. 7625
Shane,Strickland,+1 679-395-9927 ext. 982
Nichole,Johnson,+880 4453-938672 ext. 5777
Cassie,Miller,+1 1907921492 ext. 3103
Francisco,Jones,+880 5664-367319 ext. 53536
Kristen,Schmidt,+1 744-730-8129
Megan,Freeman,+880 376-7659915 ext. 7481
Ryan,House,+880 4378-065006
Joseph,Hartman,+880 2031398807
Jason,Reyes,+1 470-026-1632
Tami,Smith,+1 528-855-3293
John,Hester,+880 379-5629841
Tina,Lee,+880 1636-905827
James,Kirk,+880 2503305165 ext. 05680
Luis,Owen,+880 3015-407363
Valerie,Smith,+880 1745-640999 ext. 6229
Catherine,Swanson,+880 5431-268560 ext. 852
Jack,Steele,+880 449-1621140 ext. 938
Andre,Garcia,+1 4328778 ext. 76562
Jonathon,Mclaughlin,+880 2520273649
Christopher,Barrett,+880 5222-892942 ext. 90526
Shawn,Myers,+880 4134-863752 ext. 683
Judy,Mercado,+880 782-6005535 ext. 903
Erica,Lambert,+880 9428-362472 ext. 270
Rebecca,Davis,+1 509-058-9461 ext. 51814
Christopher,Stewart,+1 346-223-2059 ext. 01202
Kurt,Reyes,+1 846-310-1841 ext. 6417
Scott,Carpenter,+880 798-9894910
Douglas,Washington,+880 9279-53912 ext. 340
Nicholas,Anderson,+1 994-668-7505 ext. 548
Jessica,Schmitt,+880 4367-434110 ext. 61240
Kimberly,Arias,+880 5476-403120 ext. 02021
Kristy,Wilkerson,+880 8383-014159 ext. 001
Matthew,Watts,+880 367-3317056 ext. 7123
Jenna,Garcia,+880 2874900357 ext. 06232
Susan,Taylor,+880 461-3828046
Debra,Martinez,+880 8720-297517
Derek,Jackson,+1 541-388-6585
Eileen,Brown,+880 1658-841143
Karen,Johnson,+880 981-6326994
Robert,Martin,+1 648-106-1315
Jennifer,Berg,+880 734-8662962
Cody,Ramsey,+880 1761-281206
Charles,Cherry,+1 659-670-0769 ext. 18904
Sara,Allen,+880 551-1386544
William,Morgan,+880 726-9441833
Justin,Nichols,+1 497-093-3792
Sean,Carlson,+880 2-96051020
Michael,Howe,+1 559-465-0758 ext. 89306
Michael,Johnston,+880 9102-830030 ext. 3147
Phillip,Wright,+880 9952-032389
Stephanie,Powell,+880 3020-366566 ext. 9960
Margaret,Jones,+880 8351-891647
Maria,Walker,+1 202-825-7360
Jaclyn,Cohen,+880 1843-855094
Colleen,Downs,+880 1493-474144 ext. 334
David,Turner,+880 3909-599766
Omar,Navarro,+880 8354-508645 ext. 299
Michelle,Nguyen,+1 288-876-4200 ext. 24571
George,Strickland,+880 4583-018022 ext. 85521
Luis,Lutz,+880 691-1706063
Grace,Morgan,+880 7111-385100
John,Anderson,+880 3993-263951 ext. 0723
Jonathon,Rios,+880 2-02440415
Tyler,Duke,+880 001044822
Denise,Francis,+1 426-812-3181 ext. 86253
Victor,Taylor,+1 382-974-1996 ext. 688
William,Carpenter,+1 918-067-1047 ext. 5879
Steven,Ballard,+1 1313751677
Anthony,Santiago,+880 5649-675882
Jonathan,Hansen,+1 0243672916 ext. 6728
Cameron,Rice,+880 4848-897920 ext. 3761
Ronald,Reynolds,+880 5697-741375 ext. 3237
Candace,Stein,+880 1391-059154 ext. 108
Melissa,Steele,+1 0530138741
Cory,Young,+1 291-926-8328
Angela,Long,+880 2398063361
Amber,Berg,+880 7664-854526
Gregory,Thompson,+1 489-486-7381 ext. 55319
William,Henry,+880 4248-257266 ext. 9055
Thomas,Miller,+880 3982-480727
Jessica,Butler,+880 2043841876 ext. 7064
Alyssa,Allen,+1 446-919-5784 ext. 15331
Nicholas,Singleton,+880 1057-583978 ext. 8935
Jonathan,Fisher,+880 4562-460449
Sandra,Anderson,+1 1445730276
Jessica,Clark,+1 231-820-5737 ext. 96782
Sharon,Phillips,+880 1151-634815
Heather,Larson,+880 4422-073982 ext. 77127
Gregory,Gallagher,+880 593-6881737
James,Rodriguez,+1 896-359-3865
Steven,Williams,+880 8865-77903 ext. 09033
Robert,Ortiz,+880 601-8812752 ext. 570
Leslie,Thornton,+880 6623-742401 ext. 9645
Teresa,Barnett,+880 5051-093865
Andrew,Russell,+1 555-018-0541
Kimberly,Edwards,+1 0574450042
Ryan,Lewis,+880 797-9339233 ext. 6098
Tony,Pineda,+1 1757693234
Jeffrey,White,+880 7154-115341 ext. 50834
Courtney,Brennan,+880 3452-182614
Kevin,Jones,+880 7764-988293 ext. 893
Carlos,Fernandez,+1 0955655190 ext. 47448
Raymond,Harris,+1 652-103-1094
Antonio,Lewis,+880 823-9888910
Rebecca,Jackson,+880 8860-111930
Valerie,Fisher,+1 866-049-2754 ext. 02174
Juan,Rowe,+1 999-771-7845 ext. 6356
Jason,Beck,+880 2740124747
Brian,Rodriguez,+880 4899-60396
Christine,Gonzalez,+880 6402-375596
Michelle,Morris,+880 783-0230304
Phillip,Mcdonald,+880 6808-774295 ext. 3120
Vanessa,Bauer,+880 1286-700435 ext. 500
Morgan,Tucker,+880 592-2500796
Nicole,Garcia,+880 631-8395210
Jonathan,Brown,+1 1632536239
Bruce,Hoover,+1 357-973-4439
Thomas,Robles,+880 6832-586901 ext. 15166
Ashley,Martin,+880 6736-314065 ext. 2626
Emily,Gonzalez,+880 806-4856339 ext. 242
William,Kelly,+880 7136-380687 ext. 2444
Kristina,Ramirez,+1 683-243-4691 ext. 61782
Sharon,Miller,+1 732-432-8993 ext. 1671
Jack,Hester,+1 808-998-5582 ext. 906
James,West,+1 0948945128 ext. 839
Brianna,Hernandez,+880 3469-485357 ext. 4813
Cynthia,Thompson,+880 7108-83256 ext. 147
Maria,Martinez,+880 4503-244212
Karla,Jackson,+291 92291
Daniel,Costa,+880 2221-805368
Brittany,Mason,+880 386-1396648 ext. 311
Rodney,Campbell,+880 3133-300602 ext. 3777
Brian,Peterson,+1 0167366152
Alvin,Farmer,+1 205-459-6020
Alexis,Kelly,+880 5758-137743
Natalie,Nguyen,+880 2633982388
Sarah,Chandler,+880 5488-963904 ext. 3549
Preston,Clayton,+1 618-566-3309
Bianca,Farmer,+1 548-334-9816
David,Smith,+1 0511111456 ext. 2601
Christopher,Price,+880 7086-986914
Michelle,Acevedo,+880 5299-874017
Sandra,Lee,+880 749-0457037 ext. 3611
Janice,Hall,+880 1648-569060 ext. 610
Rachel,Boyer,+1 856-825-7199 ext. 9536
Sylvia,Mcclain,+880 9933-521787 ext. 40629
